{
 "words": 1061.061,
"links": 107.9352,
"extlinks": 21.10553,
"categories": 10.39326,
"revisions.total": 321.1209,
"revisions.anonymous": 118.4622,
"revisions.unique": 149.7057,
"revisions.vandalisms": 5.843235 
}
