{
 "words": 889.7574,
"links": 124.4104,
"extlinks": 24.77084,
"categories": 6.478226,
"revisions.total": 727.9998,
"revisions.anonymous": 306.9769,
"revisions.unique": 313.2135,
"revisions.vandalisms": 23.25247 
}
